{
    "accuracy": 0.9050914483440435,
    "precision": 0.8965183752417795,
    "recall": 0.91600790513834,
    "f1_score": 0.906158357771261,
    "roc_auc": 0.9710741136041098,
    "timestamp": "2025-11-26T15:50:09.326797"
}